<?xml version="1.0" encoding="utf-8" ?>
<dwsync>
<file name="patch_my_layout-1spaltig.css" server="www.ruhr-uni-bochum.de/preview/testumgebung/hp-final/" local="129626920800000000" remote="129626920800000000" />
<file name="patch_my_layout-2spaltig-marginal.css" server="www.ruhr-uni-bochum.de/preview/testumgebung/hp-final/" local="129626920800000000" remote="129626920800000000" />
<file name="patch_my_layout-2spaltig-navigation.css" server="www.ruhr-uni-bochum.de/preview/testumgebung/hp-final/" local="129626920800000000" remote="129626920800000000" />
<file name="patch_my_layout-3spaltig.css" server="www.ruhr-uni-bochum.de/preview/testumgebung/hp-final/" local="129626920800000000" remote="129626920800000000" />
<file name="dww-anzeige.css" server="www.ruhr-uni-bochum.de/preview/testumgebung/hp-final/" local="129626920800000000" remote="129626920800000000" />
<file name="dww-anzeige.css" server="www.ruhr-uni-bochum.de/preview/" local="129627320400000000" remote="129627320400000000" />
<file name="patch_my_layout-1spaltig.css" server="www.ruhr-uni-bochum.de/preview/" local="129666820800000000" remote="129666820800000000" />
<file name="patch_my_layout-2spaltig-marginal.css" server="www.ruhr-uni-bochum.de/preview/" local="129700520841136500" remote="129700491000000000" />
<file name="patch_my_layout-2spaltig-navigation.css" server="www.ruhr-uni-bochum.de/preview/" local="129700520857855143" remote="129700491000000000" />
<file name="patch_my_layout-3spaltig.css" server="www.ruhr-uni-bochum.de/preview/" local="129700520858636388" remote="129700491000000000" />
</dwsync>