<?xml version="1.0" encoding="utf-8" ?>
<dwsync>
<file name="rub-quernavigation.css" server="www.ruhr-uni-bochum.de/preview/" local="129629770200000000" remote="129629770200000000" />
<file name="dww-quernavigation-wo-bin-ich.css" server="www.ruhr-uni-bochum.de/preview/" local="129627320400000000" remote="129627320400000000" />
<file name="basemod-1spaltig.css" server="www.ruhr-uni-bochum.de/preview/" local="129627320400000000" remote="129627320400000000" />
<file name="content.css" server="www.ruhr-uni-bochum.de/preview/" local="129629770200000000" remote="129629770200000000" />
<file name="rub-print.css" server="www.ruhr-uni-bochum.de/preview/" local="129627320400000000" remote="129627320400000000" />
<file name="basemod-2spaltig-marginal.css" server="www.ruhr-uni-bochum.de/preview/" local="129627320400000000" remote="129627320400000000" />
<file name="rub-seitennavigation.css" server="www.ruhr-uni-bochum.de/preview/" local="129629770200000000" remote="129629770200000000" />
<file name="basemod-2spaltig-navigation.css" server="www.ruhr-uni-bochum.de/preview/" local="129627320400000000" remote="129627320400000000" />
<file name="basemod-3spaltig.css" server="www.ruhr-uni-bochum.de/preview/" local="129627320400000000" remote="129627320400000000" />
<file name="slider-cycle.css" server="www.ruhr-uni-bochum.de/preview/" local="129627320400000000" remote="129627320400000000" />
</dwsync>